johndoe,John,Doe,1,Blue Cross
marcoa,Marco,Adams,1,Blue Cross
egray,Edgar,Gray,1,Blue Cross
hariley1,Harold,Riley,2,Cigna
sean,Sean,Clayton,3,AmeriHealth
lara,Lara,Burns,1,AmeriHealth
nareed313,Nathan,Reed,1,Cigna
omarb,Omar,Baird,1,Blue Cross
desireoj,Desire,Orange,2,Cigna
ella,Ella,Parker,2,Blue Cross
ella,Ella,Parker,3,Blue Cross
ella,Ella,Parker,4,Blue Cross